oldname,name,band,seite
BVerfG_1952-09-10_S_1_BvR_0379_52_NA,FristlaufVerfBeschwerde-RückwirkendesGesetz,1,415
BVerfG_1952-10-10_S_1_BvR_0511_52_NA,BGH-Strafsenat-Berlin,1,439
BVerfG_1958-01-15_S_1_BvR_0400_51_NA,Lüth,7,198
BVerfG_1983-02-16_S_2_BvE_0001_83_NA,Bundestagsauflösung-1,62,1
BVerfG_1983-12-15_S_1_BvR_0209_83_NA,Volkszählung1983,65,1
BVerfG_1994-02-22_S_1_BvL_0030_88_NA,Rundfunk-8-Rundfunkgebühren-1,90,60
BVerfG_1994-11-22_S_1_BvR_0351_91_NA,MietpreisbindungOst,91,294
BVerfG_1996-01-18_S_1_BvR_2116_94_NA,RäumungsurteilParabolantenne,93,381
BVerfG_1997-07-08_S_1_BvR_1243_95_NA,Parteilehrer,96,152
BVerfG_1997-10-08_S_1_BvR_0009_97_NA,IntegrativeBeschulung,96,288
BVerfG_1997-10-14_S_1_BvL_0005_89_NA,WohngeldBegleitstudium,96,315
BVerfG_1997-10-14_S_1_BvL_0005_93_NA,BAföG-Volldarlehen,96,330
BVerfG_1997-10-15_S_2_BvN_0001_95_NA,Landesverfassungsgerichte,96,345
BVerfG_1997-12-03_S_2_BvR_0882_97_NA,Schiffbauverträge,97,67
BVerfG_1997-12-09_S_1_BvR_1611_94_NA,Rückübereignungsanspruch,97,89
BVerfG_1997-12-16_S_1_BvL_0003_89_NA,Kindererziehungszeiten,97,103
BVerfG_1997-12-21_S_2_BvL_0006_95_NA,FortgeltungDDR-Strafrecht,97,117
BVerfG_1998-01-14_S_1_BvR_1861_93_NA,CarolineVonMonaco-1,97,125
BVerfG_1998-01-14_S_1_BvR_1995_94_NA,SaarländischesPressegesetz,97,157
BVerfG_1998-01-27_S_1_BvL_0015_87_NA,Kleinbetriebsklausel-1,97,169
BVerfG_1998-01-27_S_1_BvL_0022_93_NA,Kleinbetriebsklausel-2,97,186
BVerfG_1998-01-28_S_2_BvF_0003_92_NA,Bundesgrenzschutz,97,198
BVerfG_1998-02-17_S_1_BvF_0001_91_NA,Rundfunk-10-Kurzberichterstattung,97,228
BVerfG_1998-02-18_S_1_BvR_1318_86_NA,Hinterbliebenenrente-2,97,271
BVerfG_1998-02-20_S_1_BvR_0661_94_NA,Rundfunk-11-ExtraRadioHof,97,298
BVerfG_1998-02-26_S_2_BvC_0028_96_NA,Überhang-Nachrücker,97,317
BVerfG_1998-03-10_S_1_BvR_0178_97_NA,Kindergartenbeiträge,97,332
BVerfG_1998-03-31_S_2_BvR_1877_97_NA,Euro,97,350
BVerfG_1998-03-24_S_1_BvL_0006_92_NA,Krankengeld,97,378
BVerfG_1998-03-24_S_1_BvR_0131_96_NA,Missbrauchsbezichtigung,97,391
BVerfG_1998-04-01_S_2_BvE_0001_98_NA,Gysi-1,97,408
BVerfG_1998-04-08_S_1_BvL_0016_90_NA,Beamtinnenrente,98,1
BVerfG_1998-04-08_S_1_BvR_1680_93_NA,Sachenrechtsmoratorium,98,17
BVerfG_1998-04-08_S_1_BvR_1773_96_NA,Sozietätsverbot,98,49
BVerfG_1998-04-29_S_1_BvL_0025_93_NA,Erziehungsgeld,98,70
BVerfG_1998-05-07_S_2_BvR_1876_91_NA,LandesrechtlicheAbfallabgabe,98,83
BVerfG_1998-05-07_S_2_BvR_1991_95_NA,KommunaleVerpackungsteuer,98,106
BVerfG_1998-05-26_S_1_BvL_0011_94_NA,Rentenüberleitung-4-SelbstablehnungPapier,98,134
BVerfG_1998-05-27_S_2_BvE_0002_98_NA,Gysi-2,98,139
BVerfG_1998-06-05_S_2_BvL_0002_97_NA,InkompatibilitätVorstandstätigkeit,98,145
BVerfG_1998-06-22_S_2_BvR_1516_93_NA,Flughafenverfahren-ErinnerungKostenfestsetzung,98,163
BVerfG_1998-07-01_S_2_BvR_0441_90_NA,Arbeitspflicht,98,169
BVerfG_1998-07-14_S_1_BvR_1640_97_NA,Rechtschreibreform,98,218
BVerfG_1998-10-27_S_1_BvR_2306_96_NA,BayerischesSchwangerenhilfegesetz,98,265
BVerfG_1998-07-15_S_1_BvR_1554_89_NA,Versorgungsanwartschaften,98,365
BVerfG_1998-07-16_S_2_BvR_1953_95_NA,BayerischeKommunalwahlen,99,1
BVerfG_1998-07-20_S_2_BvE_0002_98_NA,Gysi-3,99,19
BVerfG_1998-07-22_S_1_BvR_1183_90_NA,Werkszeitungen-ErinnerungKostenfestsetzung,99,46
BVerfG_1998-08-17_K_2_BvR_1206_98_NA,BegünstigterEinstweiligeAnordnung,99,49
BVerfG_1998-09-15_S_2_BvE_0002_93_NA,Globalzuschüsse-AblehnungJentsch,99,51
BVerfG_1998-09-17_S_2_BvK_0001_98_NA,LiegenschaftsmodellSchleswig-Holstein,99,57
BVerfG_1998-09-29_S_2_BvL_0064_93_NA,KommunaleWählervereinigungen-KörperschaftVermögensteuer,99,69
BVerfG_1998-09-29_S_2_BvR_1790_94_NA,KommunaleWählervereinigungen-Parteienfinanzierung,99,84
BVerfG_1998-09-30_S_2_BvR_1818_91_NA,Verlustabzug,99,88
BVerfG_1998-10-13_S_2_BvR_1275_96_NA,SanktSalvatorKirche,99,100
BVerfG_1998-10-28_S_1_BvR_2349_96_NA,DDR-Erbbaurecht,99,129
BVerfG_1998-10-29_S_2_BvR_1206_98_NA,GegenläufigeKindesrückführungsanträge,99,145
BVerfG_1998-11-10_S_1_BvL_0050_92_NA,ElternunabhängigeAusbildungsförderung,99,165
BVerfG_1998-11-10_S_1_BvR_1531_96_NA,Scientology,99,185
BVerfG_1998-11-10_S_1_BvR_2296_96_NA,ErstattungArbeitslosengeldWettbewerbsunterlassung,99,202
BVerfG_1998-11-10_S_2_BvR_1057_91_NA,Familienlastenausgleich-2,99,216
BVerfG_1998-11-10_S_2_BvL_0042_93_NA,Kinderexistenzminimum-1,99,246
BVerfG_1998-11-10_S_2_BvR_1220_93_NA,Kinderexistenzminimum-2,99,268
BVerfG_1998-11-10_S_2_BvR_1852_97_NA,Kinderexistenzminimum-3,99,273
BVerfG_1998-11-11_S_2_BvL_0010_95_NA,AufwandsentschädigungOst,99,280
BVerfG_1998-11-24_S_2_BvL_0026_91_NA,Beamtenkinder,99,300
BVerfG_1998-11-25_S_2_BvH_0001_92_NA,MfS-AfNS-Verzögerungsschaden,99,332
BVerfG_1998-12-10_S_2_BvR_1516_93_NA,Flughafenverfahren-ZwangsvollstreckungKostenerstattung,99,338
BVerfG_1999-01-19_S_1_BvR_2161_94_NA,TestierausschlussTaubstummer,99,341
BVerfG_1999-01-20_S_2_BvG_0002_95_NA,Bundesgelderveruntreuung,99,361
BVerfG_1999-03-02_S_1_BvL_0002_91_NA,MontanMitbestimmung,99,367
BVerfG_1999-04-28_S_1_BvL_0032_95_NA,Rentenüberleitung-1,100,1
BVerfG_1999-04-28_S_1_BvL_0022_95_NA,Rentenüberleitung-2,100,59
BVerfG_1999-04-28_S_1_BvR_1926_96_NA,Rentenüberleitung-3,100,104
BVerfG_1999-04-28_S_1_BvL_0011_94_NA,Rentenüberleitung-4,100,138
BVerfG_1999-02-02_S_1_BvL_0008_97_NA,Einheitswert,100,195
BVerfG_1999-02-02_S_2_BvM_0001_98_NA,Zulässigkeit102Abs2GGAtomwaffen,100,209
BVerfG_1999-02-24_S_1_BvR_0123_93_NA,Gewerkschaftsausschluss,100,214
BVerfG_1999-03-02_S_1_BvL_0007_91_NA,Denkmalschutz,100,226
BVerfG_1999-03-02_S_2_BvF_0001_94_NA,AllgemeineVerwaltungsvorschriften,100,249
BVerfG_1999-03-11_S_2_BvR_1206_98_NA,GegenläufigeKindesrückführungsanträge-Vollstreckung,100,263
BVerfG_1999-03-25_S_2_BvE_0005_99_NA,Kosovo,100,266
BVerfG_1999-04-27_S_1_BvR_2203_93_NA,Lohnabstandsklausel,100,271
BVerfG_1999-04-27_S_1_BvR_1613_94_NA,AbfindungAktionäre,100,289
BVerfG_1999-07-14_S_1_BvR_2226_94_NA,Telekommunikationsüberwachung-1,100,313
BVerfG_1999-07-06_S_2_BvF_0003_90_NA,Hennenhaltungsverordnung,101,1
BVerfG_1999-07-06_S_2_BvF_0002_98_NA,Finanzausgleich-3-BefangenheitKirchhof,101,46
BVerfG_1999-07-14_S_1_BvR_0995_95_NA,Schuldrechtsanpassungsgesetz,101,54
BVerfG_1999-10-27_S_1_BvR_0385_90_NA,Akteneinsichtsrecht,101,106
BVerfG_1999-10-29_S_2_BvR_1264_90_NA,Heileurythmisten,101,132
BVerfG_1999-11-09_S_2_BvL_0005_95_NA,Ausgleichsfonds,101,141
BVerfG_1999-11-10_S_2_BvR_2861_93_NA,Umsatzsteuerbefreiung,101,151
BVerfG_1999-11-11_S_2_BvF_0002_98_NA,Finanzausgleich-3,101,158
BVerfG_1999-11-23_S_1_BvF_0001_94_NA,Stichtagsregelung,101,239
BVerfG_1999-12-07_S_2_BvR_1533_94_NA,Fahnenflucht,101,275
BVerfG_1999-12-07_S_2_BvR_0301_98_NA,HäuslichesArbeitszimmer,101,297
BVerfG_1999-12-14_S_1_BvR_1327_98_NA,Versäumnisurteil,101,312
BVerfG_1999-12-15_S_1_BvR_1904_95_NA,Berufsbetreuer,101,331
BVerfG_1999-12-15_S_1_BvR_0653_96_NA,CarolineVonMonaco-2,101,361
BVerfG_2000-01-18_S_1_BvR_0321_96_NA,KontrolleRechtspfleger,101,397
BVerfG_2000-02-16_S_1_BvR_0242_91_NA,Altlasten,102,1
BVerfG_2000-02-16_S_1_BvR_0420_97_NA,Frischzellen,102,26
BVerfG_2000-03-14_S_1_BvR_0284_96_NA,Kriegsbeschädigtengrundrente,102,41
BVerfG_2000-03-15_S_1_BvL_0016_96_NA,KrankenversicherungRentner,102,68
BVerfG_2000-03-29_S_2_BvL_0003_96_NA,LandesabfallgesetzNRW,102,99
BVerfG_2000-05-10_S_1_BvR_0539_96_NA,SpielbankengesetzBaden-Württemberg-SelbstablehnungPapier,102,122
BVerfG_2000-05-24_S_1_BvL_0001_98_NA,Lohnersatzleistungen,102,127
BVerfG_2000-06-07_S_2_BvL_0001_97_NA,Bananenmarktordnung,102,147
BVerfG_2000-07-03_S_2_BvG_0001_96_NA,Bundesstrasse-B-75,102,167
BVerfG_2000-07-03_S_2_BvK_0003_98_NA,SchuleInFreiheit,102,176
BVerfG_2000-07-12_S_2_BvF_0001_00_NA,WahlprüfungHessen-BefangenheitJentsch,102,192
BVerfG_2000-07-19_S_1_BvR_0539_96_NA,SpielbankengesetzBaden-Württemberg,102,197
BVerfG_2000-07-21_S_2_BvH_0003_91_NA,Funktionszulagen,102,224
BVerfG_2000-07-21_S_2_BvH_0004_91_NA,VersorgungAbgeordneteLandtagRheinlandPfalz,102,245
BVerfG_2000-11-22_S_1_BvR_2307_94_NA,EALG,102,254
BVerfG_2000-12-12_S_1_BvR_1762_95_NA,Schockwerbung-1,102,347
BVerfG_2000-12-19_S_2_BvR_1500_97_NA,ZeugenJehovas-Körperschaftsstatus,102,370
BVerfG_2000-12-13_S_1_BvR_0335_97_NA,SingularzulassungOLG,103,1
BVerfG_2000-12-14_K_2_BvR_1741_99_NA,GenetischerFingerabdruck-1,103,21
BVerfG_2001-01-23_S_2_BvQ_0042_00_NA,NPD-Verbot-EA-VorbereitungAkteneinsicht,103,41
BVerfG_2001-01-24_S_1_BvR_2623_95_NA,FernsehaufnahmenGerichtssaal-2,103,44
BVerfG_2001-01-24_S_2_BvE_0001_00_NA,Pofalla-1,103,81
BVerfG_2001-02-06_S_1_BvR_0012_92_NA,Unterhaltsverzichtsvertrag,103,89
BVerfG_2001-02-08_S_2_BvF_0001_00_NA,WahlprüfungHessen,103,111
BVerfG_2001-02-20_S_2_BvR_1444_00_NA,Wohnungsdurchsuchung,103,142
BVerfG_2001-03-08_S_2_BvK_0001_97_NA,ÖDP,103,164
BVerfG_2001-03-20_S_1_BvR_0491_96_NA,AltersgrenzeKassenärzte,103,172
BVerfG_2001-03-21_S_1_BvR_2307_94_NA,EALG-Tatbestandsberichtigung,103,195
BVerfG_2001-04-03_S_1_BvR_2014_95_NA,Pflegeversicherung-1,103,197
BVerfG_2001-04-03_S_1_BvR_0081_98_NA,Pflegeversicherung-2,103,225
BVerfG_2001-04-03_S_1_BvR_1629_94_NA,Pflegeversicherung-3,103,242
BVerfG_2001-04-03_S_1_BvR_1681_94_NA,Pflegeversicherung-4,103,271
BVerfG_2001-04-03_S_1_BvL_0032_97_NA,Urlaubsanrechnung,103,293
BVerfG_2001-04-04_S_2_BvL_0007_98_NA,DDR-Dienstzeiten,103,310
BVerfG_2001-05-07_S_2_BvK_0001_00_NA,NaturschutzgesetzSchleswig-Holstein,103,332
BVerfG_2001-05-22_S_1_BvL_0004_96_NA,FreiwilligVersicherteSelbständige,103,392
BVerfG_2001-05-22_S_1_BvR_1512_97_NA,Baulandumlegung,104,1
BVerfG_2001-05-22_S_2_BvE_0001_99_NA,WahlkreiseinteilungKrefeld,104,14
BVerfG_2001-05-22_S_2_BvQ_0048_00_NA,Altenpflegegesetz-EA,104,23
BVerfG_2001-06-15_S_2_BvB_0001_01_NA,NPD-Verbot-EA-HinterlegungAsservate-1,104,38
BVerfG_2001-06-15_S_2_BvB_0002_01_NA,NPD-Verbot-EA-HinterlegungAsservate-2,104,39
BVerfG_2001-06-15_S_2_BvB_0003_01_NA,NPD-Verbot-EA-HinterlegungAsservate-3,104,41
BVerfG_2001-06-18_S_2_BvQ_0048_00_NA,Altenpflegegesetz-EA-Berichtigung,104,42
BVerfG_2001-07-03_S_2_BvB_0001_01_a,NPD-Verbot-EA-RückgabeEDV-1,104,42
BVerfG_2001-07-18_S_1_BvQ_0023_01_NA,Lebenspartnerschaftsgesetz-EA,104,51
BVerfG_2001-10-01_S_2_BvB_0001_01_NA,NPD-Verbot-EA-RückgabeEDV-2,104,61
BVerfG_2001-10-09_S_1_BvR_0622_01_NA,Schuldnerspiegel,104,65
BVerfG_2001-10-10_S_1_BvL_0017_00_NA,KalteEnteignung,104,74
BVerfG_2001-10-24_S_1_BvR_1190_90_NA,Sitzblockaden-3,104,92
BVerfG_2001-11-21_S_1_BvL_0019_93_NA,Dienstbeschädigungsteilrente,104,126
BVerfG_2001-11-22_S_2_BvE_0006_99_NA,NATO-Konzept,104,151
BVerfG_2001-11-22_S_2_BvB_0001_01_NA,NPD-Verbot-VorlageEuGH,104,214
BVerfG_2001-12-05_S_2_BvR_0527_99_NA,RehabilitierungAbschiebungshaft,104,220
BVerfG_2001-12-05_S_2_BvG_0001_00_NA,MoratoriumGorleben,104,238
BVerfG_2002-02-19_S_2_BvG_0002_00_NA,Biblis-A,104,249
BVerfG_2001-12-06_S_2_BvE_0003_94_NA,EhrenamtlicheParteileistungen,104,287
BVerfG_2001-12-11_S_1_BvF_0001_96_NA,LER-Schlichtungsvorschlag,104,305
BVerfG_2001-12-17_S_2_BvE_0002_00_NA,Pofalla-2,104,310
BVerfG_2002-01-15_S_1_BvR_1783_99_NA,Schächten,104,337
BVerfG_2002-01-16_S_1_BvR_0010_99_NA,FachgerichtlicheAbhilfeRechtlichesGehör-AnrufungPlenum,104,357
BVerfG_2002-01-16_S_1_BvR_1236_99_NA,Apothekenöffnungszeiten,104,357
BVerfG_2002-01-22_S_2_BvB_0001_01_NA,NPD-Verbot-AufhebungTermine,104,370
BVerfG_2002-01-30_S_1_BvL_0023_96_NA,AusschlussDoppelnamen,104,373
BVerfG_2002-02-05_S_1_BvR_0105_95_NA,Familienarbeit,105,1
BVerfG_2002-02-05_S_2_BvR_0305_93_NA,Sozialpfandbriefe,105,17
BVerfG_2002-02-20_S_1_BvL_0019_97_NA,Entscheidungserheblichkeit,105,48
BVerfG_2002-02-20_S_2_BvL_0005_99_NA,Wehrpflicht-1,105,61
BVerfG_2002-03-06_S_2_BvL_0017_99_NA,Pensionsbesteuerung,105,73
BVerfG_2002-03-20_S_2_BvR_0794_95_NA,Vermögensstrafe,105,135
BVerfG_2002-03-28_S_2_BvG_0001_01_NA,UMTS-Erlöse,105,185
BVerfG_2002-04-08_S_2_BvE_0002_01_NA,MinderheitsrechteUntersuchungsausschussBT,105,197
BVerfG_2002-04-23_S_1_BvR_1412_97_NA,BrandenburgischesSchulgesetz-EA,105,235
BVerfG_2002-05-15_S_2_BvR_2292_00_NA,Richtervorbehalt,105,239
BVerfG_2002-06-26_S_1_BvR_0558_91_NA,Glykol,105,252
BVerfG_2002-06-26_S_1_BvR_0670_91_NA,Osho,105,279
BVerfG_2002-07-17_S_1_BvF_0001_01_NA,Lebenspartnerschaftsgesetz-Hauptsache,105,313
BVerfG_2002-07-17_S_2_BvR_1027_02_NA,Anwaltsdaten-EA,105,365
BVerfG_2002-06-27_S_2_BvF_0004_98_NA,Oberfinanzdirektionen,106,1
BVerfG_2002-10-09_S_1_BvR_1611_96_NA,Mithörvorrichtung,106,28
BVerfG_2002-10-10_S_2_BvK_0001_01_NA,Aktenvorlage-1,106,51
BVerfG_2002-10-24_S_2_BvF_0001_01_NA,Altenpflegegesetz,106,62
BVerfG_2002-10-29_S_1_BvL_0016_95_NA,Zählkindervorteil,106,166
BVerfG_2002-10-29_S_1_BvR_0525_99_NA,Facharztbezeichnungen,106,181
BVerfG_2002-10-30_S_1_BvL_0013_96_NA,LAG-Zinszuschlag,106,201
BVerfG_2002-10-31_S_1_BvF_0001_96_NA,LER-Verfahrenseinstellung,106,210
BVerfG_2002-10-31_S_1_BvR_0819_02_NA,SingularzulassungBGH,106,216
BVerfG_2002-11-07_S_2_BvR_1053_98_NA,BeihilfefähigkeitWahlleistungen-1,106,225
BVerfG_2002-11-07_S_2_BvF_0003_99_NA,BeihilfefähigkeitWahlleistungen-2,106,244
BVerfG_2002-12-03_S_2_BvE_0003_02_b,Zählverfahren-EA,106,253
BVerfG_2002-12-17_S_1_BvL_0028_95_NA,Arzneimittelfestbeträge,106,265
BVerfG_2002-12-18_S_2_BvF_0001_02_NA,Zuwanderungsgesetz,106,310
BVerfG_2003-01-14_S_1_BvQ_0051_02_NA,Beitragssatzsicherungsgesetz-ZahntechnischeLabore,106,351
BVerfG_2003-01-15_S_1_BvQ_0053_02_NA,Beitragssatzsicherungsgesetz-Apotheker,106,359
BVerfG_2003-01-15_S_1_BvQ_0054_02_NA,Beitragssatzsicherungsgesetz-GrosshandelArzneimittel,106,359
BVerfG_2002-11-19_S_2_BvR_0329_97_NA,Verwaltungsgemeinschaften,107,1
BVerfG_2002-12-04_S_2_BvR_0400_98_NA,DoppelteHaushaltsführung,107,27
BVerfG_2002-12-05_S_2_BvL_0005_98_NA,Lippeverband,107,59
BVerfG_2003-01-16_S_2_BvR_0716_01_NA,AnwesenheitJGG-Verfahren,107,104
BVerfG_2003-01-28_S_1_BvR_0487_01_NA,RechtsanwaltsgebührenOst,107,133
BVerfG_2003-01-29_S_1_BvL_0020_99_NA,Sorgeerklärungen,107,150
BVerfG_2003-02-11_S_1_BvR_1972_00_NA,Impfstoffversand,107,186
BVerfG_2003-02-12_S_1_BvR_0624_01_NA,Familienversicherung,107,205
BVerfG_2003-02-12_S_2_BvL_0003_00_NA,BeamtenbesoldungOst-1,107,218
BVerfG_2003-02-12_S_2_BvR_0709_99_NA,BeamtenbesoldungOst-2,107,257
BVerfG_2003-03-11_S_1_BvR_0426_02_NA,Schockwerbung-2,107,275
BVerfG_2003-03-11_S_2_BvK_0001_02_NA,Kommunalwahl-Sperrklausel-2,107,286
BVerfG_2003-03-18_S_2_BvB_0001_01_NA,NPD-Verbot-Einstellung,107,339
BVerfG_2003-04-30_P_1_PBvU_0001_02_NA,RechtsschutzGegenRichter-1,107,395
BVerfG_2003-03-19_S_2_BvL_0009_98_NA,UniversitätsgesetzBaWü-Rückmeldegebühr,108,1
BVerfG_2003-03-25_S_2_BvQ_0018_03_NA,BewaffneteBundeswehreinsätze,108,34
BVerfG_2003-03-26_S_1_BvR_0112_03_NA,Beitragssatzsicherungsgesetz-Rabatte,108,45
BVerfG_2003-04-09_S_1_BvL_0001_01_NA,Kindesunterhalt,108,52
BVerfG_2003-04-09_S_1_BvR_1493_96_NA,BiologischerVater,108,82
BVerfG_2003-06-18_S_2_BvR_0383_03_NA,Parteienfinanzierung-SelbstablehnungJentsch,108,122
BVerfG_2003-06-24_S_2_BvR_0685_03_NA,AuslieferungVanuatuIndien,108,129
BVerfG_2003-07-03_S_1_BvR_0238_01_NA,Sozietätswechsel,108,150
BVerfG_2003-07-15_S_2_BvF_0006_98_NA,Telekommunikationsgesetz,108,169
BVerfG_2003-07-17_S_2_BvL_0001_99_NA,InformationspflichtenSonderabgaben,108,186
BVerfG_2003-07-25_S_2_BvR_1198_03_NA,Napster,108,238
BVerfG_2003-07-30_S_2_BvR_0508_01_NA,Abgeordnetenbüro,108,251
BVerfG_2003-09-17_S_1_BvL_0003_98_NA,Rentenüberleitung-5-SelbstablehnungPapier,108,279
BVerfG_2003-09-24_S_2_BvR_1436_02_NA,Kopftuch-1,108,282
BVerfG_2003-03-12_S_1_BvR_0330_96_NA,AbhörenJournalisten,108,299
BVerfG_2003-10-07_S_1_BvR_0010_99_NA,RechtsschutzGegenRichter-2,108,341
BVerfG_2003-10-07_S_1_BvR_0246_93_NA,UnterhaltEheWiederheiratSteuer,108,351
BVerfG_2003-10-07_S_1_BvR_1712_01_NA,Exklusivlizenz,108,370
BVerfG_2003-10-07_S_2_BvG_0001_02_NA,FristablaufVorlagePara50Abs3VwGO,109,1
BVerfG_2003-11-05_S_2_BvR_1243_03_NA,AuslieferungLockvogelVölkerrecht-1,109,13
BVerfG_2003-11-05_S_2_BvR_1506_03_NA,AuslieferungLockvogelVölkerrecht-2,109,38
BVerfG_2003-11-18_S_1_BvR_0302_96_NA,Mutterschaftsgeld-2,109,64
BVerfG_2003-12-09_S_1_BvR_0558_99_NA,VersicherungspflichtEhegattenLandwirte,109,96
BVerfG_2003-12-18_S_2_BvR_1027_02_NA,Anwaltsdaten-EA,109,128
BVerfG_2004-01-19_S_2_BvF_0001_98_NA,NeuregelungEnergiewirtschaftsrecht-SelbstablehnungDiFabio,109,130
BVerfG_2004-02-05_S_2_BvR_2029_01_NA,LangfristigeSicherheitsverwahrung,109,133
BVerfG_2004-02-10_S_2_BvR_0834_02_NA,NachträglicheSicherungsverwahrung-1,109,190
BVerfG_2004-02-18_S_1_BvR_0193_97_NA,Vor-Ehename,109,256
BVerfG_2004-02-26_S_2_BvH_0001_04_NA,HamburgerWahlkampf,109,275
BVerfG_2004-03-03_S_1_BvR_2378_98_NA,GrosserLauschangriff,109,279
BVerfG_2004-01-14_S_2_BvR_0564_95_NA,ErweiterterVerfall,110,1
BVerfG_2004-03-03_S_1_BvF_0003_92_NA,Zollkriminalamt,110,33
BVerfG_2004-03-03_S_1_BvR_0461_03_NA,RechtsschutzinteresseFFKVersammlungrecht,110,77
BVerfG_2004-03-09_S_2_BvL_0017_02_NA,Spekulationssteuer,110,94
BVerfG_2004-03-16_S_1_BvR_1778_01_NA,Kampfhunde,110,141
BVerfG_2004-03-17_S_1_BvR_1266_00_NA,FreizügigkeitSpätaussiedler,110,177
BVerfG_2004-03-30_S_2_BvK_0001_01_NA,Aktenvorlage-2,110,199
BVerfG_2004-03-30_S_2_BvR_1520_01_NA,Geldwäsche,110,226
BVerfG_2004-04-20_S_1_BvR_1748_99_NA,Ökosteuer,110,274
BVerfG_2004-04-20_S_1_BvR_0838_01_NA,Anwaltsnotariat-1,110,304
BVerfG_2004-05-04_S_1_BvR_1892_03_NA,Wiedereinsetzung,110,339
BVerfG_2004-05-06_S_2_BvL_0016_02_NA,Grundgehaltsstufen,110,353
BVerfG_2004-05-18_S_2_BvR_2374_99_NA,Klärschlamm,110,370
BVerfG_2004-06-08_S_2_BvL_0005_00_NA,Teilkindergeld,110,412
BVerfG_2004-01-27_S_2_BvR_0496_01_NA,AllgemeinerJustizgewährungsanspruchKirche,111,1
BVerfG_2004-06-09_S_1_BvR_0636_02_NA,Ladenschlussgesetz-3,111,10
BVerfG_2004-06-17_S_2_BvR_0383_03_NA,Rechenschaftsbericht,111,54
BVerfG_2004-06-23_S_1_BvL_0003_98_NA,Rentenüberleitung-5,111,115
BVerfG_2004-06-23_S_1_BvQ_0019_04_NA,InhaltsbezogenesVersammlungsverbot,111,147
BVerfG_2004-07-06_S_1_BvL_0004_97_NA,KindergeldAusländer,111,160
BVerfG_2004-07-06_S_1_BvR_2515_95_NA,ErziehungsgeldAusländer,111,176
BVerfG_2004-07-13_S_1_BvR_1298_94_NA,Notarkassen,111,191
BVerfG_2004-07-27_S_2_BvF_0002_02_NA,Juniorprofessur,111,226
BVerfG_2004-08-09_S_2_BvE_0002_04_NA,LandeswahlgesetzNRW,111,286
BVerfG_2004-10-12_S_1_BvR_2130_98_NA,Aufsichtsratswahl,111,289
BVerfG_2004-10-14_S_2_BvR_1481_04_NA,EGMR-Entscheidungen-Görgülü,111,307
BVerfG_2004-10-26_S_1_BvR_0911_00_NA,BrandenburgischesHochschulgesetz,111,333
BVerfG_2004-10-26_S_1_BvR_0981_00_NA,Steuerberaterwerbung,111,366
BVerfG_2004-10-26_S_2_BvE_0001_02_NA,Drei-Länder-Quorum,111,382
BVerfG_2004-10-26_S_2_BvR_0955_00_NA,Bodenreform-3,112,1
BVerfG_2004-11-09_S_1_BvR_0684_98_NA,Opferentschädigungsgesetz,112,50
BVerfG_2004-11-23_S_1_BvL_0006_99_NA,Privatschulfinanzierung-2,112,74
BVerfG_2004-11-24_S_2_BvR_2236_04_NA,EuropäischerHaftbefehl-EA,112,90
BVerfG_2004-12-07_S_1_BvR_1804_03_NA,Stiftung-Erinnerung,112,93
BVerfG_2004-12-08_S_2_BvE_0003_02_NA,Vermittlungsausschuss-FraktionsanteileBundesrat,112,118
BVerfG_2005-01-11_S_2_BvR_0167_02_NA,AuslegungPara32Abs4Satz2EStG,112,164
BVerfG_2005-01-25_S_2_BvR_0656_99_NA,RevisionVerfahrensrügenZulässigkeit,112,185
BVerfG_2005-01-25_S_2_BvR_2185_04_NA,GewerbesteuerlicherMindesthebesatz-EA,112,216
BVerfG_2005-01-26_S_2_BvF_0001_03_NA,Studiengebühren,112,226
BVerfG_2005-03-08_S_1_BvR_2561_03_NA,Anwaltsnotariat-2,112,255
BVerfG_2005-03-16_S_2_BvL_0007_00_NA,Kinderbetreuungskosten,112,268
BVerfG_2005-03-22_S_1_BvR_2357_04_NA,Kontostammdaten-EA,112,284
BVerfG_2005-04-12_S_2_BvR_0581_01_NA,GPS-GlobalPositioningSystem,112,304
BVerfG_2005-04-12_S_2_BvQ_0006_05_NA,KompetenzzentrumBolognaReform,112,321
BVerfG_2005-04-19_S_1_BvR_1644_00_NA,Pflichtteil,112,332
BVerfG_2005-04-28_S_2_BvE_0001_05_NA,TerminierungLesung-EU-Verfassungsvertrag,112,363
BVerfG_2005-05-11_S_1_BvR_0368_97_NA,Rentenüberleitung-6,112,368
BVerfG_2005-04-05_S_1_BvR_0774_02_NA,KindererziehungszeitenAnwaltsversorgung,113,1
BVerfG_2005-04-12_S_2_BvR_1027_02_NA,Anwaltsdaten-Hauptsache,113,29
BVerfG_2005-05-24_S_1_BvR_1072_01_NA,JungeFreiheit,113,63
BVerfG_2005-06-07_S_1_BvR_1508_96_NA,Elternunterhalt,113,88
BVerfG_2005-06-15_S_2_BvQ_0018_05_NA,Visa-Untersuchungsausschuss-EA,113,113
BVerfG_2005-07-06_S_2_BvR_2335_95_NA,SolidarfondsAbfallrückführung,113,128
BVerfG_2005-07-06_S_2_BvR_2259_04_NA,Auslieferung-4,113,154
BVerfG_2005-07-18_S_2_BvF_0002_01_NA,Risikostrukturausgleich,113,167
BVerfG_2005-07-18_S_2_BvR_2236_04_NA,EuropäischerHaftbefehl-Hauptsache,113,273
BVerfG_2005-07-27_S_1_BvR_0668_04_NA,VorbeugendeTelekommunikationsüberwachung,113,348
BVerfG_2005-07-26_S_1_BvR_0782_94_NA,ÜbertragungLebensversicherungsverträge,114,1
BVerfG_2005-07-26_S_1_BvR_0080_95_NA,LebensversicherungÜberschussbeteiligung,114,73
BVerfG_2005-08-08_S_2_BvE_0004_05_NA,Organstreit-Beitritt-Nicht-BT-Parteien,114,105
BVerfG_2005-08-23_S_2_BvE_0005_05_NA,Bundestagsauflösung-2,114,107
BVerfG_2005-08-25_S_2_BvE_0004_05_NA,Bundestagsauflösung-3,114,121
BVerfG_2005-09-13_S_2_BvF_0002_03_NA,Beitragssatzsicherungsgesetz,114,196
BVerfG_2005-09-27_S_2_BvR_1387_02_NA,Versorgungsänderungsgesetz,114,258
BVerfG_2005-09-27_S_2_BvL_0011_02_NA,BeihilferechtlicheKostendämpfungspauschale,114,303
BVerfG_2005-10-11_S_1_BvR_1232_00_NA,Zweitwohnungsteuer-2,114,316
BVerfG_2005-10-25_S_1_BvR_1696_98_NA,MehrdeutigeMeinungsäusserungen,114,339
BVerfG_2005-10-25_S_2_BvR_0524_01_NA,Aufenthaltserlaubnis,114,357
BVerfG_2005-10-26_S_1_BvR_0396_98_NA,LandesmediengesetzBayern-Teilnehmerentgelt,114,371
BVerfG_2005-11-09_S_2_BvR_1198_03_NA,Napster-AufhebungBeschluss,114,396
BVerfG_2005-12-06_S_1_BvL_0003_03_NA,Transsexuelle-3,115,1
BVerfG_2005-12-06_S_1_BvR_0347_98_NA,GesetzlicheKrankenversicherung,115,25
BVerfG_2005-12-06_S_1_BvR_1905_02_NA,AnalogeAnwendungPara79Abs2Satz3BVerfGG,115,51
BVerfG_2006-01-17_S_1_BvR_0541_02_NA,RechtsschutzVerordnungen,115,81
BVerfG_2006-01-18_S_2_BvR_2194_99_NA,Halbteilungsgrundsatz,115,97
BVerfG_2006-02-15_S_1_BvR_0357_05_NA,Luftsicherheitsgesetz-1,115,118
BVerfG_2006-03-02_S_2_BvR_2099_04_NA,Kommunikationsverbindungsdaten,115,166
BVerfG_2006-03-14_S_1_BvR_2087_03_NA,BetriebsGeschäftsgeheimnis,115,205
BVerfG_2006-03-28_S_1_BvL_0010_01_NA,ArbeitslosengeldMutterschutz,115,259
BVerfG_2006-03-28_S_1_BvR_1054_01_NA,Sportwetten,115,276
BVerfG_2006-04-04_S_1_BvR_0518_02_NA,Rasterfahndung-2,115,320
BVerfG_2006-05-23_S_1_BvR_1484_99_NA,Dauerpflegschaften,115,381
BVerfG_2006-05-23_S_1_BvR_2530_04_NA,Insolvenzverwalter,116,1
BVerfG_2006-05-24_S_2_BvR_0669_04_NA,Einbürgerung,116,24
BVerfG_2006-05-31_S_2_BvR_1673_04_NA,Jugendstrafvollzug,116,69
BVerfG_2006-06-13_S_1_BvL_0009_00_NA,Fremdrentengesetz,116,96
BVerfG_2006-06-13_S_1_BvR_1160_03_NA,GleichheitVergaberecht,116,135
BVerfG_2006-06-21_S_2_BvL_0002_99_NA,TarifbegrenzungGewerblicherEinkünfte,116,164
BVerfG_2006-07-11_S_1_BvL_0004_00_NA,Tariftreueerklärung,116,202
BVerfG_2006-07-11_S_1_BvR_0293_05_NA,Asylbewerberleistungsgesetz,116,229
BVerfG_2006-07-18_S_1_BvL_0001_04_NA,Transsexuelle-4,116,243
BVerfG_2006-10-17_S_2_BvG_0001_04_NA,AnlastungEU-Agrarsubventionen,116,271
BVerfG_2006-10-19_S_2_BvF_0003_03_NA,BerlinerHaushalt,116,327
BVerfG_2006-11-07_S_1_BvL_0010_02_NA,Erbschaftsteuer,117,1
BVerfG_2006-11-08_S_2_BvR_0578_02_NA,Strafrestaussetzung,117,71
BVerfG_2006-12-05_S_1_BvR_2186_06_NA,Hufversorgung-EA,117,126
BVerfG_2006-12-06_S_2_BvM_0009_03_NA,DiplomatischeImmunität,117,141
BVerfG_2006-12-12_S_1_BvR_2576_04_NA,AnwaltlicheErfolgshonorare,117,163
BVerfG_2007-02-13_S_1_BvR_0421_05_NA,Vaterschaftsfeststellung,117,202
BVerfG_2007-02-27_S_1_BvR_0538_06_NA,CICERO,117,244
BVerfG_2007-02-27_S_1_BvL_0010_00_NA,Beschäftigungsförderungsgesetz,117,272
BVerfG_2007-02-27_S_1_BvR_1982_01_NA,Art19Einigungsvertrag,117,302
BVerfG_2007-02-28_S_1_BvL_0005_03_NA,KünstlicheBefruchtungVerheiratete,117,316
BVerfG_2007-03-06_S_2_BvR_0556_04_NA,Ballungsraumzulage,117,330
BVerfG_2007-03-08_S_2_BvM_0006_03_NA,SchuldenStaatsnotstandArt25GG,117,357
BVerfG_2007-03-12_S_2_BvE_0001_07_NA,TornadoeinsatzAfghanistan-EA,117,359
BVerfG_2007-03-20_S_2_BvL_0011_04_NA,DreijahresfristVersorgungsbezüge,117,372
BVerfG_2007-02-13_S_1_BvR_0910_05_NA,KappungsgrenzeRechtsanwaltsvergütung,118,1
BVerfG_2007-02-28_S_1_BvL_0009_04_NA,Betreuungsunterhalt,118,45
BVerfG_2007-03-13_S_1_BvF_0001_05_NA,Treibhausgas-Emissionsberechtigungen,118,79
BVerfG_2007-03-29_S_2_BvE_0002_07_NA,Afghanistan-Einsatz-ISAF-EA,118,111
BVerfG_2007-05-08_S_2_BvM_0001_03_NA,VölkerrechtlicheNotstandseinrede,118,124
BVerfG_2007-06-13_S_1_BvR_1550_03_NA,Kontostammdaten-Hauptsache,118,168
BVerfG_2007-06-14_S_2_BvR_1447_05_NA,RevisionGrenzenRechtsfolgenzumessung,118,212
BVerfG_2007-07-03_S_2_BvE_0002_07_NA,Afghanistan-Einsatz-ISAF-Hauptsache,118,244
BVerfG_2007-07-04_S_2_BvE_0001_06_NA,VerfassungsrechtlicherStatusBundestagsabgeordnete,118,277
BVerfG_2007-06-13_S_1_BvR_1783_05_NA,RomanEsra,119,1
BVerfG_2007-07-03_S_1_BvR_2186_06_NA,Hufversorgung,119,59
BVerfG_2007-07-09_S_2_BvF_0001_04_NA,Haushaltsgesetz2004,119,96
BVerfG_2007-09-11_S_1_BvR_2270_05_NA,Rundfunk-12-Rundfunkgebühren-2,119,181
BVerfG_2007-09-19_S_2_BvF_0003_02_NA,ObligatorischeTeilzeitbeschäftigungBeamtenrecht,119,247
BVerfG_2007-10-23_S_1_BvR_0782_07_NA,AnhörungsrügeNachBefangenheitsantrag,119,292
BVerfG_2007-11-27_S_2_BvK_0001_03_NA,AbgeordnetenentschädigungSchleswig-Holstein,119,302
BVerfG_2007-12-19_S_1_BvR_0620_07_NA,Gerichtsfernsehen,119,309
BVerfG_2007-12-20_S_2_BvR_2433_04_NA,HartzIV-Arbeitsgemeinschaften,119,331
BVerfG_2008-01-15_S_2_BvF_0004_05_NA,ReichsvermögenGesetz-Rückfallvermögen,119,394
BVerfG_2008-01-15_S_1_BvL_0002_04_NA,Abfärberegelung,120,1
BVerfG_2008-01-15_S_2_BvL_0012_01_NA,Vermittlungsausschuss-Kompetenzgrenzen-1,120,56
BVerfG_2008-02-13_S_2_BvK_0001_07_NA,SperrklauselKommunalwahlen,120,82
BVerfG_2008-02-13_S_2_BvL_0001_06_NA,Vorsorgeaufwendungen-KrankenPflegeversicherung,120,125
BVerfG_2008-02-13_S_2_BvR_1220_04_NA,Vorsorgeaufwendungen-Einkommensteuer,120,169
BVerfG_2008-02-26_S_1_BvR_1602_07_NA,CarolineVonMonaco-3,120,180
BVerfG_2008-02-26_S_2_BvR_0392_07_NA,Geschwisterinzest,120,224
BVerfG_2008-02-27_S_1_BvR_0370_07_NA,Online-Durchsuchungen,120,274
BVerfG_2008-03-10_S_1_BvR_2388_03_NA,DatensammlungSteuerlicheAuslandbeziehungen,120,351
BVerfG_2008-03-11_S_1_BvR_2074_05_NA,AutomatisierteKennzeichenerfassung,120,378
BVerfG_2008-03-11_S_1_BvR_0256_08_NA,Vorratsdatenspeicherung-EA,121,1
BVerfG_2008-03-12_S_2_BvF_0004_03_NA,Rundfunk-13-ParteibeteiligungRundfunkunternehmen,121,30
BVerfG_2008-04-01_S_1_BvR_1620_04_NA,ElterlicheUmgangspflicht,121,69
BVerfG_2008-04-17_S_2_BvL_0004_05_NA,WählervereinigungenSteuerbefreiungZuwendungen,121,108
BVerfG_2008-05-07_S_2_BvE_0001_03_NA,LuftraumüberwachungTürkei,121,135
BVerfG_2008-05-27_S_1_BvL_0010_05_NA,Transsexuelle-5,121,175
BVerfG_2008-05-28_S_2_BvL_0011_07_NA,LeitendeFunktionenBeamteAufZeit,121,205
BVerfG_2008-06-18_S_2_BvL_0006_07_NA,Versorgungsabschlag,121,241
BVerfG_2008-07-03_S_2_BvC_0001_07_NA,NegativesStimmgewicht,121,266
BVerfG_2008-07-30_S_1_BvR_3262_07_NA,RauchverbotGaststätten,121,317
BVerfG_2008-10-14_S_1_BvF_0004_05_NA,Betriebsprämiendurchführungsgesetz,122,1
BVerfG_2008-10-14_S_1_BvR_2310_06_NA,BeratungshilfefähigkeitSteuerrecht,122,39
BVerfG_2008-10-15_S_2_BvR_0236_08_NA,TKÜ-Neuregelung-EA,122,63
BVerfG_2008-10-28_S_1_BvR_0462_06_NA,WissenschaftsfreiheitTheologie,122,89
BVerfG_2008-10-28_S_1_BvR_0256_08_NA,Vorratsdatenspeicherung-EA,122,120
BVerfG_2008-11-11_S_1_BvL_0003_05_NA,AbschlagsfreieRente63,122,151
BVerfG_2008-11-25_S_1_BvR_0848_07_NA,Gegenanwalt,122,190
BVerfG_2008-12-09_S_2_BvL_0001_07_NA,Pendlerpauschale,122,210
BVerfG_2009-01-15_S_2_BvR_2044_07_NA,Rügeverkümmerung,122,248
BVerfG_2009-01-15_S_2_BvC_0004_04_NA,Bundestagsauflösung-Wahlprüfungsbeschwerde,122,304
BVerfG_2009-02-03_S_2_BvL_0054_06_NA,SonderabgabeAbsatzfonds,122,316
BVerfG_2009-02-17_S_1_BvR_2492_08_NA,BayerischesVersammlungsgesetz-EA,122,342
BVerfG_2009-02-18_S_1_BvR_3076_08_a,EEG-2009-EA,122,374
BVerfG_2009-02-04_S_1_BvL_0008_05_NA,HamburgerSpielgerätesteuergesetz,123,1
BVerfG_2009-03-03_S_2_BvC_0003_07_NA,Wahlcomputer,123,39
BVerfG_2009-04-22_S_1_BvR_0256_08_NA,Vorratsdatenspeicherung-EA,123,89
BVerfG_2009-05-05_S_1_BvR_1155_03_NA,Mehrfachnamen,123,90
BVerfG_2009-05-12_S_2_BvL_0001_00_NA,NichtanerkennungJubiläumsrückstellungen,123,111
BVerfG_2009-05-12_S_2_BvR_0743_01_NA,SonderabgabeHolzabsatzförderung,123,132
BVerfG_2009-05-12_S_2_BvR_0890_06_NA,StaatlicheFinanzierungReligionsgesellschaften,123,148
BVerfG_2009-06-10_S_1_BvR_0706_08_NA,Gesundheitsreform2007,123,186
BVerfG_2009-06-30_S_2_BvE_0002_08_NA,Lissabon,123,267
BVerfG_2009-04-21_S_2_BvC_0002_06_NA,Nachwahl,124,1
BVerfG_2009-06-10_S_1_BvR_0825_08_NA,KontrahierungszwangKleineVersicherungsvereine,124,25
BVerfG_2009-06-16_S_2_BvR_0902_06_NA,Beschlagnahme-E-Mails,124,43
BVerfG_2009-06-17_S_2_BvE_0003_07_NA,BND-Untersuchungsausschuss,124,78
BVerfG_2009-07-01_S_2_BvE_0005_06_NA,ÜberwachungBundestagsabgeordnete,124,161
BVerfG_2009-07-07_S_1_BvR_1164_07_NA,Lebenspartnerschaft-BetrieblicheHinterbliebenenversorgung,124,199
BVerfG_2009-09-16_S_2_BvR_0852_07_NA,FinanzierungsumlageBaFin,124,235
BVerfG_2009-09-22_S_2_BvL_0003_02_NA,BesteuerungErtragsanteilLeibrente,124,251
BVerfG_2009-10-13_S_2_BvE_0004_08_NA,WehrverfassungsrechtlicherParlamentsvorbehalt,124,267
BVerfG_2009-10-13_S_2_BvL_0003_05_NA,AnrechnungKindergeldKindesunterhalt,124,282
BVerfG_2009-11-04_S_1_BvR_2150_08_NA,Wunsiedel-RudolfHessGedenkfeier,124,300
BVerfG_2009-11-24_S_2_BvR_1387_04_NA,EAEG-Beiträge,124,348
BVerfG_2009-11-17_S_1_BvR_2192_05_NA,ÜbergangHalbeinkünfteverfahrenKörperschaftssteuer,125,1
BVerfG_2009-12-01_S_1_BvR_2857_07_NA,BerlinerLadenöffnungsgesetz,125,39
BVerfG_2009-12-08_S_2_BvR_0758_07_NA,Vermittlungsausschuss-Personenbeförderungsgesetz,125,104
BVerfG_2010-01-27_S_2_BvR_2185_04_NA,GewerbesteuerlicherMindesthebesatz-Hauptsache,125,141
BVerfG_2010-02-09_S_1_BvL_0001_09_NA,HartzIV-MenschenwürdigesExistenzminimum,125,175
BVerfG_2010-03-02_S_1_BvR_0256_08_NA,Vorratsdatenspeicherung-Hauptsache,125,260
BVerfG_2010-05-07_S_2_BvR_0987_10_NA,Griechenlandhilfe-EA,125,385
BVerfG_2010-04-13_S_1_BvR_0216_07_NA,Fachhochschullehrer,126,1
BVerfG_2010-04-14_S_1_BvL_0008_08_NA,PrivatisierungKlinikenHamburg,126,29
BVerfG_2010-05-04_S_2_BvE_0005_07_NA,G8-GipfelHeiligendamm,126,55
BVerfG_2010-05-04_S_2_BvL_0008_07_NA,ZuverlässigkeitLuftfahrzeuge,126,77
BVerfG_2010-06-08_S_1_BvR_2011_07_NA,RettungsdienstSachsen,126,112
BVerfG_2010-06-09_S_2_BvR_1099_10_NA,ESM-Gesetz-EA,126,158
BVerfG_2010-06-23_S_2_BvR_2559_08_NA,PräzisierungsgebotUntreuetatbestand,126,170
BVerfG_2010-07-06_S_1_BvL_0009_06_NA,ÜberführungAnsprücheVersorgungssystemeDDR,126,233
BVerfG_2010-07-06_S_2_BvL_0013_09_NA,HäuslichesArbeitszimmer,126,268
BVerfG_2010-07-06_S_2_BvR_2661_06_NA,Honeywell-Ultra-Vires-Kontrolle,126,286
BVerfG_2010-07-21_S_1_BvL_0008_07_NA,AusschlussNichtAuffindbareMiterben,126,331
BVerfG_2010-07-21_S_1_BvR_2530_05_NA,Fremdrentengesetz,126,369
BVerfG_2010-07-21_S_1_BvR_0611_07_NA,Lebenspartnerschaft-ErbschaftSchenkung-Steuer,126,400
BVerfG_2010-07-07_S_2_BvL_0014_02_NA,Spekulationsfrist,127,1
BVerfG_2010-07-07_S_2_BvL_0001_03_NA,EntgangeneEinnahmen,127,31
BVerfG_2010-07-07_S_2_BvR_0748_05_NA,Beteiligungsquote,127,61
BVerfG_2010-07-20_S_1_BvR_0748_06_NA,HamburgischesHochschulgesetz,127,87
BVerfG_2010-07-21_S_1_BvR_0420_09_NA,ElternrechtVaterUnverheiratet,127,132
BVerfG_2010-09-07_S_2_BvF_0001_09_NA,Zukunftsinvestitionsgesetz,127,165
BVerfG_2010-10-12_S_1_BvL_0012_07_NA,PauschalierungBetriebsausgabenabzugsverbots,127,224
BVerfG_2010-10-12_S_1_BvL_0014_09_NA,FamiliäresHaftungsprivilegTrennungskinder,127,263
BVerfG_2010-10-12_S_2_BvF_0001_07_NA,Legehennenhaltung,127,293
BVerfG_2010-10-12_S_2_BvL_0059_06_NA,Mindestbesteuerung,127,335
BVerfG_2010-11-24_S_1_BvF_0002_05_NA,Gentechnikgesetz,128,1
BVerfG_2010-12-07_S_1_BvR_2628_07_NA,AbschaffungArbeitslosenhilfe,128,90
BVerfG_2011-01-11_S_1_BvR_3295_07_NA,Transsexuelle-6,128,109
BVerfG_2011-01-11_S_1_BvR_3588_08_NA,KürzungRenteErwerbsminderung-U-60,128,138
BVerfG_2011-01-25_S_1_BvR_1741_09_NA,ArbeitnehmerrechteArbeitgeberwechselPrivatisierung,128,157
BVerfG_2011-01-25_S_1_BvR_0918_10_NA,Dreiteilungsmethode,128,193
BVerfG_2011-01-25_S_2_BvR_2015_09_NA,AbschiebungGriechenland,128,224
BVerfG_2011-02-22_S_1_BvR_0699_06_NA,Fraport,128,226
BVerfG_2011-02-24_S_2_BvE_0001_10_NA,WahlvorschlägeBundespräsidentenwahl,128,278
BVerfG_2011-03-23_S_2_BvR_0882_09_NA,AnforderungenZwangsbehandlungMassregelvollzug,128,282
BVerfG_2011-04-12_S_2_BvC_0012_10_NA,Wahlprüfungsbeschwerde-PARTEI,128,322
BVerfG_2011-05-03_S_2_BvF_0001_05_NA,Luftsicherheitsgesetz-AnrufungPlenum,128,325
BVerfG_2011-05-04_S_2_BvR_2365_09_NA,EGMR-Sicherungsverwahrung,128,326
BVerfG_2011-05-31_S_1_BvR_0857_07_NA,GesetzKonkretisierungVerweisUntergesetzlicheNormen,129,1
BVerfG_2011-06-08_S_2_BvR_2846_09_NA,NachträglicheSicherungsverwahrung-2,129,37
BVerfG_2011-06-21_S_1_BvR_2035_07_NA,Mediziner-BAföG,129,49
BVerfG_2011-07-19_S_1_BvR_1916_09_NA,Anwendungserweiterung,129,78
BVerfG_2011-08-19_S_2_BvG_0001_10_NA,LegislativstreitSchuldenbremse,129,108
BVerfG_2011-09-07_S_2_BvR_0987_10_NA,Griechenlandhilfe-Hauptsache,129,124
BVerfG_2011-10-04_S_1_BvL_0003_08_NA,RichtervorlageFehlendeKlärungUmsetzungsspielraum,129,186
BVerfG_2011-10-12_S_2_BvR_0236_08_NA,TKÜ-Neuregelung-Hauptsache,129,208
BVerfG_2011-10-12_S_2_BvR_0633_11_NA,ZwangsbehandlungMassregelvollzug-BaWü,129,269
BVerfG_2011-10-27_S_2_BvE_0008_11_NA,Neuner-Gremium-EA,129,284
BVerfG_2011-11-09_S_2_BvC_0004_10_NA,Europawahl-Fünf-Prozent-Sperrklausel,129,300
BVerfG_2011-11-22_S_2_BvE_0003_08_NA,ZustimmungBT-Veräusserung-Gegenstände-DB-AG,129,356
BVerfG_2011-12-07_S_2_BvR_2500_09_NA,VerwertungsverbotWohnraumüberwachung,130,1
BVerfG_2012-01-17_S_2_BvL_0004_09_NA,BeamtenrechtlicherStatusBundespostBeamte,130,52
BVerfG_2012-01-18_S_2_BvR_0133_10_NA,VitosHaina,130,76
BVerfG_2012-01-24_S_1_BvL_0021_11_NA,HamburgischesPassivraucherschutzgesetz,130,131
BVerfG_2012-01-24_S_1_BvR_1299_05_NA,ZuordnungDynamischeIP-Adressen,130,151
BVerfG_2012-01-31_S_2_BvC_0003_11_NA,MinderjährigenanteileWahlkreise,130,212
BVerfG_2012-02-07_S_1_BvL_0014_07_NA,BayerischesLandeserziehungsgeldgesetz,130,240
BVerfG_2012-02-14_S_2_BvL_0004_10_NA,W-Besoldung,130,263
BVerfG_2012-02-28_S_2_BvE_0008_11_NA,Neuner-Gremium-Hauptsache,130,318
BVerfG_2012-03-14_S_2_BvQ_0016_12_NA,BundesversammlungAuszählungWahlbeobachter-EA,130,367
BVerfG_2012-03-27_S_2_BvR_2258_09_NA,AnrechnungMassregelSicherungBesserungFreiheitsstrafe,130,372
BVerfG_2012-05-02_S_1_BvL_0020_09_NA,Richtervorlage-Darlegungspflicht,131,1
BVerfG_2012-05-02_S_2_BvL_0005_10_NA,VertrauensschutzNichtGefestigteRechtsprechung,131,20
BVerfG_2012-05-04_S_1_BvR_0367_12_NA,Preisansagepflicht-CallByCall-EA,131,47
BVerfG_2012-05-08_S_1_BvR_1065_03_NA,Satzung-Versorgungsanstalt-BundLänder,131,66
BVerfG_2012-06-04_S_2_BvL_0009_08_NA,AusgleichDienstbeschädigungen-Ost,131,88
BVerfG_2012-06-19_S_1_BvR_3017_09_NA,WeisungsrechtNotare,131,130
BVerfG_2012-06-19_S_2_BvE_0004_11_NA,EU-Angelegenheiten-Unterrichtungspflicht,131,152
BVerfG_2012-06-19_S_2_BvC_0002_10_NA,Bundesverfassungsrichterwahl-1,131,230
BVerfG_2012-06-19_S_2_BvR_1397_09_NA,Lebenspartnerschaft-FamilienzuschlagBundesbeamte,131,239
BVerfG_2012-06-20_S_2_BvR_1048_11_NA,VorbehalteneSicherungsverwahrung,131,268
BVerfG_2012-07-25_S_2_BvF_0003_11_NA,NegativesStimmgewicht-2,131,316
BVerfG_2012-07-03_P_2_PBvU_0001_11_NA,Luftsicherheitsgesetz-2,132,1
BVerfG_2012-07-04_S_2_BvC_0001_11_NA,WahlberechtigungAuslandsdeutsche,132,39
BVerfG_2012-07-10_S_1_BvL_0002_10_NA,Ausländer-ErziehungsElterngeld,132,72
BVerfG_2012-07-11_S_1_BvR_3142_07_NA,Gesamtanalogie-Delisting,132,99
BVerfG_2012-07-18_S_1_BvL_0010_10_NA,Asylbewerberleistungsgesetz,132,134
BVerfG_2012-07-18_S_1_BvL_0016_11_NA,Lebenspartnerschaft-Grunderwerbsteuer,132,179
BVerfG_2012-09-12_S_2_BvR_1390_12_NA,Euro-Rettung-EA,132,195
BVerfG_2012-09-12_S_2_BvR_1824_12_NA,BewältigungStaatsschuldenkrise-EA,132,287
BVerfG_2012-10-01_S_1_BvR_0918_10_NA,Dreiteilungsmethode-BeschwerdeKostenfestsetzung,132,294
BVerfG_2012-10-10_S_1_BvL_0006_07_NA,UnechteRückwirkung-Unternehmenssteuerrecht,132,302
BVerfG_2012-11-06_S_2_BvL_0051_06_NA,BerlinerHochschulgesetz-Rückmeldegebühr,132,334
BVerfG_2012-12-04_S_1_BvL_0004_12_NA,Bundeselterngeld-Elternzeitgesetz,132,360
BVerfG_2012-12-18_S_1_BvL_0008_11_NA,SelbsttitulierungsrechtOldenburg,132,372
BVerfG_2012-12-19_S_1_BvL_0018_11_NA,VerzinsungsregelungKartellbussen,133,1
BVerfG_2013-01-16_S_2_BvE_0003_12_NA,Öffentlichkeitsarbeit-FDP-Fraktion-BT-EA,133,34
BVerfG_2013-01-22_S_1_BvR_0367_12_NA,Preisansagepflicht-CallByCall-Auslagenerstattung,133,37
BVerfG_2013-02-06_S_2_BvR_2122_11_NA,PsychiatrischeUnterbringung-Sicherungsverwahrung,133,40
BVerfG_2013-02-19_S_1_BvL_0001_11_NA,Lebenspartnerschaft-Sukzessivadoption,133,59
BVerfG_2013-02-20_S_2_BvE_0011_12_NA,NPD-AntragFeststellungVerfassungsmässigkeit,133,100
BVerfG_2013-02-20_S_2_BvR_0228_12_NA,ZwangsbehandlungBetreuungMassregelvollzug,133,112
BVerfG_2013-03-05_S_1_BvR_2457_08_NA,FestsetzungsfristAbgabenVorteilsausgleich,133,143
BVerfG_2013-03-19_S_1_BvR_2635_12_NA,Missbrauchsgebühr,133,163
BVerfG_2013-03-19_S_2_BvR_2628_10_NA,Verständigungsgesetz,133,168
BVerfG_2013-03-20_S_2_BvF_0001_05_NA,Luftsicherheitsgesetz-3,133,241
BVerfG_2013-04-09_S_2_BvE_0010_12_NA,Organstreit-Passivlegitimation-Organteile,133,273
BVerfG_2013-04-24_S_1_BvR_1215_07_NA,Anti-Terror-Datei-1,133,277
BVerfG_2013-05-07_S_2_BvR_0909_06_NA,Lebenspartnerschaft-Ehegattensplitting,133,377
BVerfG_2013-05-08_S_1_BvL_0001_08_NA,StudiengebührenBremen-Landeskinder,134,1
BVerfG_2013-07-09_S_2_BvC_0007_10_NA,Europawahl-Begründungserfordernis-Briefwahl,134,25
BVerfG_2013-07-11_S_2_BvR_2302_11_NA,Therapieunterbringungsgesetz,134,33
BVerfG_2013-07-16_S_1_BvR_3057_11_NA,NotwendigkeitAnhörungsrügeSubsidiarität,134,106
BVerfG_2013-07-23_S_2_BvC_0002_13_NA,Nichtanerkennung-UnionDerMenschlichkeit,134,121
BVerfG_2013-07-23_S_2_BvC_0003_13_NA,Nichtanerkennung-DeutscheNationalVersammlung,134,124
BVerfG_2013-07-23_S_2_BvC_0004_13_NA,Nichtanerkennung-ParteiDerBedrängten,134,131
BVerfG_2013-07-23_S_2_BvQ_0030_13_NA,InnerparteilicheQuotenregelungen-EA,134,135
BVerfG_2013-09-17_S_2_BvE_0004_13_NA,BundespräsidentÄusserungen-Parteien-EA,134,138
BVerfG_2013-09-17_S_2_BvR_2436_10_NA,BeobachtungAbgeordnete,134,141
BVerfG_2013-10-23_S_1_BvR_1842_11_NA,Werkverwertungsverträge,134,204
BVerfG_2013-12-17_S_1_BvR_3139_08_NA,Garzweiler,134,242
BVerfG_2013-12-17_S_2_BvR_1390_12_NA,Euro-Rettung-Verfahrensabtrennung,134,357
BVerfG_2014-01-14_S_2_BvR_2728_13_NA,OMT-VorlageEuGH,134,366
BVerfG_2013-12-17_S_1_BvL_0005_08_NA,EchteRückwirkung-KAGG,135,1
BVerfG_2013-12-17_S_1_BvL_0006_10_NA,BehördlicheVaterschaftsanfechnung,135,48
BVerfG_2014-01-14_S_1_BvR_2998_11_NA,RechtsanwaltsPatentanwalts-GmbH,135,90
BVerfG_2014-01-15_S_1_BvR_1656_09_NA,DegressiveZweitwohnungsteuer,135,126
BVerfG_2014-01-28_S_2_BvR_1561_12_NA,FilmabgabeFilmfördergesetz,135,155
BVerfG_2014-01-28_S_2_BvB_0001_13_NA,NPD-Verbot-AbschlägeParteienfinanzierung-EA,135,234
BVerfG_2014-02-12_S_1_BvL_0011_10_NA,VergnügungssteuerBremenSaarland-Stückzahlmassstab,135,238
BVerfG_2014-02-26_S_1_BvR_0471_10_NA,Kopftuch-2-BefangenheitKirchhof,135,248
BVerfG_2014-02-26_S_2_BvE_0002_13_NA,Europawahl-Drei-Prozent-Sperrklausel,135,259
BVerfG_2014-03-12_S_2_BvE_0001_14_NA,Europawahl-TerminWahlvorschlägeZulassung,135,312
BVerfG_2014-03-18_S_2_BvR_1390_12_NA,ESM-Vertrag,135,317
BVerfG_2014-03-19_S_2_BvE_0007_12_NA,Organstreit-Aktivlegitimation-BayerischeAbgeordnete,136,1
BVerfG_2014-03-25_S_1_BvF_0001_11_NA,Rundfunk-14-ZDF-Staatsvertrag,136,9
BVerfG_2014-04-01_S_2_BvF_0001_12_NA,ZulassungFahrzeugeÜberlänge,136,69
BVerfG_2014-04-01_S_2_BvL_0002_09_NA,VerschärfteVerlustabzugsbeschränkung-Identität,136,127
BVerfG_2014-05-06_S_1_BvL_0009_12_NA,Versorgungsausgleichsgesetz,136,152
BVerfG_2014-05-06_S_2_BvE_0003_12_NA,NPD-ÖffentlichkeitsarbeitFDP,136,190
BVerfG_2014-05-06_S_2_BvR_1139_12_NA,Weinabgaben,136,194
BVerfG_2014-06-10_S_2_BvE_0002_09_NA,Bundesversammlung-RechtsstellungMitgliederAufgabe,136,277
BVerfG_2014-06-10_S_2_BvE_0004_13_NA,BundespräsidentÄusserungen-Parteien-Hauptsache,136,323
BVerfG_2014-06-24_S_1_BvR_3217_07_NA,NiedersächsischesHochschulgesetz,136,338
BVerfG_2014-06-24_S_1_BvR_2926_13_NA,GrosselternVormund,136,382
BVerfG_2014-06-25_S_1_BvR_0668_10_NA,WiederkehrendeStrassenausbaubeiträge,137,1
BVerfG_2014-07-15_S_2_BvE_0002_14_NA,BundesministerinÄusserungen-Parteien-EA,137,29
BVerfG_2014-07-23_S_1_BvL_0010_12_NA,HartzIV-ExistenzsichernderRegelbedarf,137,34
BVerfG_2014-09-16_S_2_BvE_0013_12_NA,Spanienhilfe-EFSF,137,103
BVerfG_2014-10-07_S_2_BvR_1641_11_NA,Art91eGG,137,108
BVerfG_2014-10-21_S_2_BvE_0005_11_NA,Kriegswaffenexport,137,185
BVerfG_2014-10-22_S_2_BvR_0661_12_NA,KatholischerChefarzt,137,273
BVerfG_2014-11-04_S_2_BvR_2238_13_NA,Europawahl-Drei-Prozent-Sperrklausel-Gegenstandswert,137,345
BVerfG_2014-11-05_S_1_BvF_0003_11_NA,Luftverkehrsteuergesetz,137,350
BVerfG_2014-11-19_S_2_BvL_0002_13_NA,Standortplanung-AllgemeinbildendeSchulen,138,1
BVerfG_2014-12-02_S_1_BvR_3106_09_NA,InformationenMitteilungRichterDritte,138,33
BVerfG_2014-12-04_S_2_BvE_0003_14_NA,VernehmungSnowden,138,45
BVerfG_2014-12-16_S_1_BvR_2142_11_NA,GrundrechtsträgerschaftBehörde,138,64
BVerfG_2014-12-16_S_2_BvE_0002_14_NA,WahlkampfäusserungenRegierungsmitglieder,138,102
BVerfG_2014-12-16_S_2_BvE_0002_12_NA,Bundesversammlung-RechtsstellungMitgliederAufgabe,138,125
BVerfG_2014-12-17_S_1_BvL_0021_12_NA,Erbschaftsteuer,138,136
BVerfG_2015-01-13_S_2_BvE_0001_13_NA,Organstreit-KeineObjektiveBeanstandungsklage,138,256
BVerfG_2015-01-14_S_1_BvR_0931_12_NA,ThüringerLadenöffnungsgesetz,138,261
BVerfG_2015-01-27_S_1_BvR_0471_10_NA,Kopftuch-2,138,296
BVerfG_2015-02-24_S_1_BvR_0472_14_NA,MutmasslicherVater,138,377
BVerfG_2015-03-19_S_2_BvB_0001_13_NA,NPD-Verbot-NachweisQuellenabschaltung,138,397
BVerfG_2015-03-24_S_1_BvR_2880_11_NA,GrunderwerbsteuerEigentumsübergangUmlegung,139,1
BVerfG_2015-04-21_S_2_BvR_1322_12_NA,EinstellungAltersgrenzeÖffentlicherDienst,139,19
BVerfG_2015-05-05_S_2_BvL_0017_09_NA,Richterbesoldung-1,139,64
BVerfG_2015-05-12_S_1_BvR_1501_13_NA,Hochschulfusion,139,148
BVerfG_2015-06-02_S_2_BvE_0007_11_NA,UnterstützungseinsätzeBundespolizei,139,194
BVerfG_2015-06-02_S_2_BvE_0005_12_NA,ESM-Finanzierungsgesetz,139,239
BVerfG_2015-06-16_S_2_BvR_2718_10_NA,RichtervorbehaltDurchsuchungEilkompetenzStA,139,245
BVerfG_2015-06-23_S_1_BvL_0013_11_NA,ErsatzbemessungGrunderwebssteuergesetz,139,285
BVerfG_2015-06-30_S_2_BvR_1282_11_NA,ZeugenJehovas-Anerkennung-Bremen,139,321
BVerfG_2015-07-20_K_1_BvQ_0025_15_NA,BierdosenFlashmob,139,378
BVerfG_2015-07-15_S_2_BvE_0004_12_NA,ZuweisungFinanzmittelFraktionenAbgeordnete,140,1
BVerfG_2015-07-15_S_2_BvR_2292_13_NA,IsolierteAngreifbarkeitUrteilsgründe,140,42
BVerfG_2015-07-21_S_1_BvF_0002_13_NA,Betreuungsgeldgesetz,140,65
BVerfG_2015-08-26_S_2_BvF_0001_15_NA,Zensus2011-EA,140,99
BVerfG_2015-09-22_S_2_BvE_0001_11_NA,Vermittlungsausschuss-Arbeitsgruppen,140,115
BVerfG_2015-09-23_S_2_BvE_0006_11_NA,EvakuierungLibyen,140,160
BVerfG_2015-10-06_S_1_BvR_1571_15_NA,Tarifeinheitsgesetz-EA,140,211
BVerfG_2015-11-07_S_2_BvQ_0039_15_NA,RoteKarte-EA,140,225
BVerfG_2015-11-10_S_1_BvR_2056_12_NA,VersorgungMedizinproduktGKV,140,229
BVerfG_2015-11-17_S_2_BvL_0019_09_NA,A-Besoldung,140,240
BVerfG_2015-12-02_S_2_BvB_0001_13_NA,NPD-Verbot-Verhandlungsdurchführung,140,316
BVerfG_2015-12-15_S_2_BvR_2735_14_NA,Identitätskontrolle-1,140,317
BVerfG_2015-12-15_S_2_BvL_0001_12_NA,Treaty-Override,141,1
BVerfG_2015-12-16_S_2_BvR_1958_13_NA,TopfwirtschaftDienstpostenbündelung,141,56
BVerfG_2016-01-12_S_1_BvL_0006_13_NA,Partnerschaftsgesellschaft,141,82
BVerfG_2016-01-12_S_1_BvR_3102_13_NA,JuristischePersonenInsolvenzverwalter,141,121
BVerfG_2016-02-17_S_1_BvL_0008_10_NA,AkkreditierungStudiengänge,141,143
BVerfG_2016-02-18_S_2_BvE_0006_15_NA,Bundeswehreinsatz-IslamischerStaat-1,141,182
BVerfG_2016-04-19_S_1_BvR_3309_13_NA,IsolierteVaterschaftsfeststellung,141,186
BVerfG_2016-04-20_S_1_BvR_0966_09_NA,BKA-Gesetz,141,220
BVerfG_2016-03-01_S_2_BvB_0001_13_c,NPD-Verbot-Besetzungsrüge-MehrfacheRichterablehnung,142,1
BVerfG_2016-03-01_S_2_BvB_0001_13_NA,NPD-Verbot-Besetzungsrüge,142,5
BVerfG_2016-03-01_S_2_BvB_0001_13_a,NPD-Verbot-RichterablehnungHuber,142,9
BVerfG_2016-03-01_S_2_BvB_0001_13_b,NPD-Verbot-RichterablehnungMüller,142,18
BVerfG_2016-05-03_S_2_BvE_0004_14_NA,MinderheitenOppositionsrechte,142,25
BVerfG_2016-05-31_S_1_BvR_1585_13_NA,Sampling,142,75
BVerfG_2016-06-07_S_2_BvL_0003_12_NA,R-Besoldung-Vollstreckung,142,116
BVerfG_2016-06-21_S_2_BvR_0637_09_NA,OMT-Hauptsache,142,123
BVerfG_2016-06-21_S_2_BvR_2728_13_NA,Cybercrime,142,234
BVerfG_2016-06-29_S_1_BvR_1015_15_NA,Bestellerprinzip,142,268
BVerfG_2016-07-19_S_2_BvC_0046_14_NA,Eventualstimme-AblehnungMüller,142,302
BVerfG_2016-07-26_S_1_BvL_0008_15_NA,ZwangsbehandlungNichtEinsichtsfähigeBetreute,142,313
BVerfG_2016-07-27_S_1_BvR_0371_11_NA,HartzIV-AnrechnungElternVolljährigeKinder,142,353
BVerfG_2016-09-20_S_2_BvE_0005_15_NA,G10-Kommission,143,1
BVerfG_2016-09-20_S_2_BvR_2453_15_NA,Bundesrichterwahl,143,22
BVerfG_2016-09-21_S_2_BvL_0001_15_NA,Rindfleischetikettierung,143,38
BVerfG_2016-10-13_S_2_BvR_1368_16_NA,CETA-EA,143,65
BVerfG_2016-10-13_S_2_BvE_0002_15_NA,NSA-Untersuchungsausschuss,143,101
BVerfG_2016-10-27_S_1_BvR_0458_10_NA,Karfreitag,143,161
BVerfG_2016-11-22_S_1_BvL_0006_14_NA,RechtsschutzNetzentgelteTelekommunikation,143,216
BVerfG_2016-12-06_S_1_BvR_2821_11_NA,Atomausstieg,143,246
BVerfG_2016-12-07_S_2_BvR_1444_16_NA,CETA-EA,144,1
BVerfG_2016-12-22_S_2_BvF_0001_15_NA,Zensus2011-Wiederholung-EA,144,18
BVerfG_2017-01-17_S_2_BvB_0001_13_NA,NPD-Verbot-Hauptsache,144,20
BVerfG_2017-01-17_S_2_BvL_0002_14_NA,BrandenburgerHochschulgesetz-Rückmeldegebühr,144,369
BVerfG_2017-01-17_S_2_BvL_0001_10_NA,WartefristBeamtenbesoldung,145,1
BVerfG_2017-03-07_S_1_BvR_1314_12_NA,Spielhallen,145,20
BVerfG_2017-03-29_S_2_BvL_0006_11_NA,VerlustabzugKapitalgesellschaftenBeteiligungserwerb,145,106
BVerfG_2017-04-13_S_2_BvL_0006_13_NA,Kernbrennstoffsteuergesetz,145,171
BVerfG_2017-05-23_S_2_BvL_0010_11_NA,SoldatenRuhegehaltNATO,145,249
BVerfG_2017-05-23_S_2_BvR_0883_14_NA,Ostabsenkung,145,304
BVerfG_2017-06-13_S_2_BvF_0001_15_NA,Zensus2011-Wiederholung-EA,145,346
BVerfG_2017-06-14_S_2_BvQ_0029_17_NA,GleichgeschlechtlicheEheAnspruchBefassungBT-EA,145,348
BVerfG_2017-06-20_S_1_BvR_1978_13_NA,AmtlicheDokumentePrivatbesitz,145,365
BVerfG_2017-06-13_S_2_BvE_0001_15_NA,ParlamentarischesFragerecht,146,1
BVerfG_2017-07-11_S_1_BvR_1571_15_NA,Tarifeinheitsgesetz,146,71
BVerfG_2017-07-12_S_1_BvR_2222_12_NA,PflichtmitgliedschaftIHK,146,164
BVerfG_2017-07-18_S_2_BvR_0859_15_NA,PSPP-VorlageEuGH,146,216
BVerfG_2017-07-19_S_2_BvR_2003_14_NA,ZwangsbehandlungPsychischKranke-MV,146,294
BVerfG_2017-07-25_S_2_BvC_0002_17_NA,Nichtanerkennung-SächsischeVolkspartei,146,319
BVerfG_2017-09-19_S_2_BvC_0046_14_NA,Eventualstimme,146,327
BVerfG_2017-10-10_S_1_BvR_2019_16_NA,Geschlechtsidentität,147,1
BVerfG_2017-10-10_S_2_BvE_0006_16_NA,KonfrontationsobliegenheitFragerechtBT,147,31
BVerfG_2017-10-10_S_2_BvR_0859_15_NA,PSPP-EA,147,39
BVerfG_2017-11-07_S_2_BvE_0002_11_NA,ParlamentarischesAuskunftsrecht,147,50
BVerfG_2017-11-21_S_2_BvF_0001_13_NA,Länderfinanzausgleich-Verfahrenseinstellung,147,184
BVerfG_2017-11-21_S_2_BvR_2177_16_NA,Kinderförderungsgesetz-Sachsen-Anhalt,147,185
BVerfG_2017-12-01_S_2_BvF_0001_15_NA,Zensus2011-Wiederholung-EA,147,251
BVerfG_2017-12-19_S_1_BvL_0003_14_NA,NumerusClausus-3,147,253
BVerfG_2017-12-19_S_2_BvR_0424_17_NA,Auslieferung-Haftbedingungen-Rumänien-1,147,364
BVerfG_2018-02-13_S_2_BvR_0651_16_NA,Sterbehilfe-AblehnungMüller,148,1
BVerfG_2018-02-27_S_2_BvE_0001_16_NA,RoteKarte-Hauptsache,148,11
BVerfG_2018-03-21_S_1_BvF_0001_13_NA,Lebensmittelpranger,148,40
BVerfG_2018-03-21_S_1_BvL_0001_14_NA,PersonalüberleitungÖffentlicherDienst,148,64
BVerfG_2018-03-22_S_2_BvR_0780_16_NA,BeamteRichterAufZeit,148,69
BVerfG_2018-04-10_S_1_BvL_0011_14_NA,EinheitsbewertungGrundvermögenGrundsteuer,148,147
BVerfG_2018-04-10_S_1_BvR_1236_11_NA,MitunternehmerschaftAnteilsverkaufGewerbesteuer,148,217
BVerfG_2018-04-11_S_1_BvR_3080_09_NA,Stadionverbot,148,267
BVerfG_2018-04-24_S_1_BvR_0745_17_NA,Rundfunk-15-Rundfunkbeitrag-AblehnungKirchhof,148,290
BVerfG_2018-06-12_S_2_BvR_1738_12_NA,StreikverbotBeamte,148,296
BVerfG_2018-04-24_S_2_BvL_0010_16_NA,HochschulkanzlerBrandenburg,149,1
BVerfG_2018-05-14_S_2_BvF_0001_15_NA,Zensus2011-Wiederholung-EA,149,48
BVerfG_2018-05-22_S_1_BvR_1728_12_NA,TransferzahlungenSozialversicherung,149,50
BVerfG_2018-05-23_S_1_BvR_0097_14_NA,Hofabgabe,149,86
BVerfG_2018-06-06_S_1_BvL_0007_14_NA,SachgrundloseBefristung,149,126
BVerfG_2018-07-13_S_1_BvR_1474_12_NA,Vereinsverbote,149,160
BVerfG_2018-07-18_S_1_BvR_1675_16_NA,Rundfunk-15-Rundfunkbeitrag,149,222
BVerfG_2018-07-24_S_2_BvR_0309_15_NA,Fixierungen,149,293
BVerfG_2018-07-24_S_2_BvR_1961_09_NA,EuropäischeSchulen,149,346
BVerfG_2018-07-24_S_2_BvQ_0033_18_NA,NachgeschobenesAusgleichsmandat,149,374
BVerfG_2018-09-11_S_2_BvQ_0080_18_NA,Wahleinspruch,149,378
BVerfG_2018-10-16_S_2_BvL_0002_17_NA,AbsenkungBeamtenRichterGehälterBaWü,149,382
BVerfG_2018-10-23_S_1_BvR_2523_13_NA,Rotmilan,149,407
BVerfG_2018-09-19_S_2_BvF_0001_15_NA,Zensus2011-Hauptsache,150,1
BVerfG_2018-10-30_S_2_BvQ_0090_18_NA,Ministerinterview,150,163
BVerfG_2018-11-28_S_2_BvL_0003_15_NA,BesoldungBegrenzteDienstfähigkeit,150,169
BVerfG_2018-12-11_S_2_BvE_0001_18_NA,Organstreit-KeineObjektiveBeanstandungsklage,150,194
BVerfG_2018-12-11_S_2_BvL_0004_11_NA,Vermittlungsausschuss-KochSteinbrückPapier,150,204
BVerfG_2018-12-18_S_1_BvR_0142_15_NA,Kennzeichenkontrollen-Bayern,150,244
BVerfG_2018-12-18_S_1_BvR_2795_09_NA,Kennzeichenkontrollen-BaWü-Hessen,150,309
BVerfG_2019-01-15_S_2_BvL_0001_09_NA,Vermittlungsausschuss-Kompetenzgrenzen-2,150,345
BVerfG_2019-01-29_S_2_BvC_0062_14_NA,Bundestagswahl-Wahlrechtsausschluss,151,1
BVerfG_2019-03-12_S_2_BvQ_0091_18_NA,ÄnderungParteienfinanzierung-EA,151,58
BVerfG_2019-03-12_S_2_BvR_0675_14_NA,ErreichbarkeitErmittlungsrichter,151,67
BVerfG_2019-03-13_S_2_BvP_0001_15_NA,VolksbegehrenMitteldeutschland,151,98
BVerfG_2019-03-26_S_1_BvR_0673_17_NA,Stiefkindadoption,151,101
BVerfG_2019-04-15_S_2_BvQ_0022_19_a,Europawahl-Wahlrechtsausschluss-EA,151,152
BVerfG_2019-06-18_S_1_BvR_0587_17_NA,SubdelegierteVerordnung,151,173
BVerfG_2019-07-02_S_2_BvE_0004_19_NA,Bundesverfassungsrichterwahl-2,151,191
BVerfG_2019-07-30_S_2_BvR_1685_14_NA,EuropäischeBankenunion,151,202
BVerfG_2019-09-17_S_2_BvR_0309_15_NA,Fixierungen-BeschwerdeKostenfestsetzung,152,1
BVerfG_2019-09-17_S_2_BvE_0002_16_NA,Bundeswehreinsatz-IslamischerStaat-2,152,8
BVerfG_2019-09-17_S_2_BvE_0002_18_NA,OrdnungsgeldAbgeordnete,152,35
BVerfG_2019-09-17_S_2_BvC_0015_18_NA,Wahlprüfungsbeschwerde-BefangenheitVosskuhleMüller,152,53
BVerfG_2019-09-17_S_2_BvQ_0059_19_NA,BeschlussfähigkeitBundestag-2,152,55
BVerfG_2019-10-30_S_2_BvR_0980_16_NA,PSPP-2-EA,152,63
BVerfG_2019-11-05_S_1_BvL_0007_16_NA,SanktionenSozialrecht,152,68
BVerfG_2019-11-06_S_1_BvR_0016_13_NA,RechtAufVergessen-1,152,152
BVerfG_2019-11-06_S_1_BvR_0276_17_NA,RechtAufVergessen-2,152,216
BVerfG_2019-11-19_S_2_BvL_0022_14_NA,Erstausbildungskosten,152,274
BVerfG_2019-12-05_S_1_BvL_0007_18_NA,NichtigkeitKinderehe-BefangenheitHarbarth,152,332
BVerfG_2020-01-14_S_2_BvR_2055_16_NA,EntfernungBeamtenverhältnisVerwaltungsakt,152,345
BVerfG_2020-01-14_S_2_BvR_1333_17_NA,Kopftuch-3,153,1
BVerfG_2020-02-10_S_2_BvC_0040_19_NA,Wahlprüfung-BefangenheitParteinominierung,153,72
BVerfG_2020-02-13_S_2_BvR_0739_17_NA,EinheitlichesPatentgericht,153,74
BVerfG_2020-02-26_S_2_BvR_2347_15_NA,Suizidhilfe,153,182
BVerfG_2020-03-11_S_2_BvL_0005_17_NA,Knorpelfleisch,153,310
BVerfG_2020-05-26_S_1_BvL_0005_18_NA,VersorgungsausgleichExterneTeilung,153,358
BVerfG_2020-05-04_S_2_BvE_0001_20_NA,AbwahlVorsitzenderRechtsausschuss-EA,154,1
BVerfG_2020-05-05_S_2_BvR_0859_15_NA,EZB-PSPP,154,17
BVerfG_2020-05-19_S_1_BvR_2835_17_NA,BND-Ausland-Ausland-Fernmeldeaufklärung,154,152
BVerfG_2020-05-19_S_2_BvC_0011_19_NA,Wahlprüfung-Bundestag19-AblehnungMüller,154,312
BVerfG_2020-06-09_S_2_BvE_0001_19_NA,SeehoferInterview,154,320
BVerfG_2020-06-09_S_2_BvE_0002_19_NA,BetretenVonAbgeordnetenräumen,154,354
BVerfG_2020-06-09_S_2_BvC_0037_19_NA,NachgeschobenesAusgleichsmandat-2-EA,154,372
BVerfG_2020-05-04_S_2_BvL_0004_18_NA,Richterbesoldung-2,155,1
BVerfG_2020-05-04_S_2_BvL_0006_17_NA,AlimentationKinderreicherBeamter,155,77
BVerfG_2020-05-27_S_1_BvR_1873_13_NA,Bestandsdatenauskunft-2,155,119
BVerfG_2020-06-30_S_1_BvR_1679_17_NA,WindSeeG,155,238
BVerfG_2020-07-07_S_2_BvR_0696_12_NA,KommunalesBildungspaket,155,310
BVerfG_2020-07-22_S_2_BvE_0003_19_NA,AfD-FinanzierungDesideriusErasmusStiftung-EA,155,357
BVerfG_2020-09-29_S_1_BvR_1550_19_NA,Atomgesetz-Novelle,155,378
BVerfG_2020-09-29_S_1_BvR_1456_12_NA,Atomausstieg-Vollstreckung,155,418
BVerfG_2020-11-03_S_2_BvF_0002_18_NA,AfD-Abgeordnete,156,1
BVerfG_2020-11-10_S_1_BvR_3214_15_NA,Anti-Terror-Datei-2,156,11
BVerfG_2020-12-01_S_2_BvR_0916_11_NA,ElektronischeAufenthaltsüberwachung,156,63
BVerfG_2020-12-01_S_2_BvR_1845_18_NA,Auslieferung-Haftbedingungen-Rumänien-1,156,182
BVerfG_2020-12-08_S_2_BvC_0064_19_NA,Wahlprüfungsbeschwerde-BefangenheitHermannsLangenfeldMüller,156,221
BVerfG_2020-12-15_S_2_BvC_0046_19_NA,Bundestagswahl-Geschlechterparität,156,224
BVerfG_2020-12-16_S_2_BvE_0004_18_NA,Amri-Untersuchungsausschuss-V-Person-Führer,156,270
BVerfG_2020-12-22_S_1_BvR_2756_20_NA,StaatsvertragRundfunkfinanzierung-EA,156,335
BVerfG_2021-01-12_S_2_BvR_2006_15_NA,PSPP-Vollstreckungsanordnung-BefangenheitWallrabenstein,156,340
BVerfG_2021-02-10_S_2_BvL_0008_19_NA,Vermögensabschöpfung,156,354
BVerfG_2021-03-02_S_2_BvE_0004_16_NA,CETA-Organstreit-1,157,1
BVerfG_2021-03-24_S_1_BvR_2656_18_NA,Klimaschutz,157,30
BVerfG_2021-03-25_S_2_BvL_0001_11_NA,VorausgezahlteErbbauzinsen,157,177
BVerfG_2021-03-25_S_2_BvF_0001_20_a,BerlinerMietendeckel,157,223
BVerfG_2021-03-25_S_2_BvF_0001_20_NA,BerlinerMietendeckel-BeitrittAfD,157,229
BVerfG_2021-04-13_S_2_BvE_0001_21_NA,UnterschriftenquorenBundestagswahl,157,300
BVerfG_2021-04-15_S_2_BvR_0547_21_NA,ERatG-EA,157,332
BVerfG_2021-05-05_S_1_BvR_0781_21_NA,Ausgangsbeschränkungen-EA,157,394
BVerfG_2021-04-27_S_2_BvR_0206_14_NA,Ökotox-Daten,158,1
BVerfG_2021-04-27_S_2_BvE_0004_15_NA,Griechenlandhilfen-UnterrichtungspflichtBundesregierung,158,51
BVerfG_2021-04-29_S_2_BvR_1651_15_NA,PSPP-Vollstreckungsanordnung,158,89
BVerfG_2021-06-08_S_2_BvR_1866_17_NA,Patientenverfügung-Maßregelvollzug,158,131
BVerfG_2021-06-08_S_1_BvR_2771_18_NA,IT-Sicherheitslücken,158,140
BVerfG_2021-06-08_S_2_BvE_0004_21_NA,ERatG-EA-2,158,202
BVerfG_2021-06-22_S_2_BvE_0010_20_NA,MaskenpflichtBundestag,158,209
BVerfG_2021-06-23_S_2_BvR_2216_20_NA,EinheitlichesPatentgericht-2-EA,158,210
BVerfG_2021-06-23_S_2_BvE_0001_17_NA,EntzugParteienfinanzierungNPD-BefangenheitHuber-1,158,244
BVerfG_2021-06-23_S_2_BvE_0001_17_a,EntzugParteienfinanzierungNPD-BefangenheitMüller-1,158,253
BVerfG_2021-06-23_S_2_BvB_0001_19_NA,EntzugParteienfinanzierungNPD-BefangenheitHuber-2,158,262
BVerfG_2021-06-23_S_2_BvB_0001_19_a,EntzugParteienfinanzierungNPD-BefangenheitMüller-2,158,271
BVerfG_2021-07-08_S_1_BvR_2237_14_NA,Vollverzinsung,158,282
BVerfG_2021-07-20_S_1_BvR_2756_20_NA,StaatsvertragRundfunkfinanzierung-Hauptsache,158,389
